{"cameraMode":{"drawMode":0,"name":"Shaded","section":"Shading Mode"},"sceneLighting":true,"audioPlay":false,"sceneViewState":{"m_AlwaysRefresh":false,"showFog":true,"showSkybox":true,"showFlares":true,"showImageEffects":true,"showParticleSystems":true,"showVisualEffectGraphs":true,"m_FxEnabled":true},"in2DMode":false,"pivot":{"x":2.447176456451416,"y":6.658432960510254,"z":-5.947779655456543},"rotation":{"x":0.09115159511566162,"y":0.06925522536039353,"z":-0.006340401712805033,"w":0.9933931827545166},"size":5.581323146820068,"orthographic":false}