{"cameraMode":{"drawMode":0,"name":"Shaded","section":"Shading Mode"},"sceneLighting":true,"audioPlay":false,"sceneViewState":{"m_AlwaysRefresh":false,"showFog":true,"showSkybox":true,"showFlares":true,"showImageEffects":true,"showParticleSystems":true,"showVisualEffectGraphs":true,"m_FxEnabled":true},"in2DMode":false,"pivot":{"x":7.570127010345459,"y":20.60124397277832,"z":117.28990173339844},"rotation":{"x":-0.0611121766269207,"y":0.03592245280742645,"z":0.0021887309849262239,"w":0.997485339641571},"size":70.71067810058594,"orthographic":false}